,0
savagexfenti,30
amp,20
new,17
fentybeauti,17
sephora,14
fentyskin,13
harveynichol,12
primevideo,12
yall,12
bootsuk,12
skin,10
vol,10
savagexfentyshow,10
get,10
know,9
3,9
im,9
savag,8
bout,7
cant,7
readi,6
drop,6
never,6
go,6
let,5
pick,5
watch,5
onli,5
thank,5
right,5
shade,5
valentin,5
avail,5
one,5
rihanna,5
like,5
vote,5
rt,5
year,4
love,4
edit,4
gelcream,4
ya,4
need,4
vogueitalia,4
see,4
support,4
aint,4
issu,4
juici,4
claralionelfdn,4
illjahjah,4
httpstcoyh0c5kslob,4
rimowa,4
foundat,4
wait,4
essenc,4
2021,4
use,4
blur,4
dat,4
way,3
limit,3
dont,3
give,3
world,3
hate,3
face,3
eye,3
endsar,3
come,3
show,3
check,3
glossbombheat,3
yusefhairnyc,3
still,3
final,3
communiti,3
best,3
5,3
set,3
amazonfashion,3
think,3
say,3
collect,3
back,3
gon,3
last,3
head,3
savagenotsorri,3
start,3
look,3
guy,3
lil,3
make,3
fentyparfum,3
lorna,3
help,3
stop,3
simpson,3
day,3
peac,3
feel,3
decemb,3
holiday,3
black,3
babi,3
night,3
tutorialtuesday,3
said,3
good,3
much,3
woke,3
style,3
makeup,3
xxsavagex,3
instant,3
smooth,3
experi,3
httpstco8fsqbqgjqz,2
1,2
formula,2
lip,2
must,2
polic,2
parti,2
end,2
2,2
sunday,2
histori,2
500,2
everyth,2
whi,2
bring,2
httpstcohsewebvnht,2
bomb,2
first,2
reviv,2
antiversari,2
easi,2
httpstcogr3opnubfc,2
octob,2
energi,2
georgia,2
sept,2
wear,2
hand,2
rest,2
filtr,2
mini,2
shit,2
director,2
lornasimpson,2
photograph,2
savagexprid,2
lingeri,2
season,2
26th,2
direct,2
favorit,2
wont,2
done,2
man,2
justic,2
size,2
hair,2
pro,2
instantreset,2
24th,2
vinyl,2
behind,2
cream,2
hit,2
yesterday,2
pleas,2
glossbomb,2
profiltrpowderfound,2
mariasalandra,2
earli,2
long,2
launch,2
24,2
4,2
httpstcoxrmxy9v3dh,2
work,2
kamara,2
photographi,2
took,2
hydrat,2
pressur,2
collag,2
trip,2
ib,2
leav,2
tint,2
flashnap,2
barbado,2
powder,2
tomorrow,2
min,2
home,2
status,2
httpstco43ptitx4tw,2
got,2
climat,2
terri,2
icon,2
cop,2
10,2
refil,2
af,2
whole,2
veri,2
protest,2
peopl,2
art,2
morn,2
recoveri,2
phuck,2
everi,2
color,2
time,2
befor,2
store,2
daze,2
organ,2
could,2
droppin,2
alreadi,2
sure,2
team,2
gang,2
glow,2
overnight,2
gloss,2
date,2
anoth,2
septemb,2
glossi,2
alway,2
fund,2
believ,2
breonnataylor,1
sumn,1
blackhistorymonth,1
nuh,1
sallstrom,1
httpstcosg8jhwdsdn,1
numero,1
httpstcouppan3z0ml,1
actual,1
httpstconnt33fjajh,1
httpstcozzpafx0ocp,1
feed,1
talk,1
50,1
emanuel,1
ienearth,1
arent,1
philadelphia,1
circl,1
shenanigan,1
jade,1
httpstcowycuxc21o,1
piergiorgio,1
anti,1
httpstcoxvb7jvcc,1
sky,1
everyon,1
comfort,1
farneti,1
httpstcoyf64wczrk4,1
httpstcoli9kl17vuh,1
naphiawhit,1
confirm,1
httpstcojb1e5birl,1
without,1
mood,1
equiti,1
light,1
road,1
routin,1
verderi,1
durgapolashi,1
tonight,1
plump,1
put,1
stephaniedunivan,1
dem,1
describ,1
base,1
httpstcombtjhqnlca,1
focus,1
join,1
httpstcoftctaiduot,1
oil,1
die,1
httpstcow6ivqgza8f,1
deliv,1
name,1
brand,1
httpstcow7f6ulyoh6,1
poll,1
would,1
tyson,1
ultraluxecom,1
youth,1
lbgtqia,1
httpstcohwwk8tuzln,1
helendaught,1
sephorainjcp,1
nativemvmt,1
httpstcoobmilxhk9,1
gunnaz,1
httpstcoostkvemdib,1
elli,1
httpstcokp7dmsy4dj,1
melanin,1
led,1
touch,1
summa,1
totalcleansr,1
yo,1
stunna,1
audrelord,1
httpstcogmyqa5bhm8,1
amwfilm,1
fresh,1
irl,1
httpstcowh9htpjaib,1
nationalvoterregistrationday,1
spencer,1
market,1
vol3,1
want,1
httpstcoul7gtwlsuc,1
httpstcoihbem3sqsp,1
reinventingthefutur,1
preshowglow,1
ramonasing,1
ferdinando,1
tres,1
shine,1
packag,1
brickandmortar,1
aha,1
meet,1
nail,1
glaad,1
httpstcocmxwjfscm5,1
httpstcobw6ggeuee5,1
justiceforbreonnataylor,1
dimens,1
gettin,1
easiest,1
httpstcoajnkaqpzyu,1
repres,1
beauti,1
panti,1
finish,1
wirth,1
melania,1
goodi,1
httpstcob8y4c5jhlz,1
26,1
maker,1
til,1
httpstcodkgwrh0zpi,1
hollow,1
luxuri,1
high,1
phaidon,1
dscej,1
httpstcocrui945um2,1
em,1
queensiz,1
httpstcoqw885ko2v,1
aapi,1
httpstcogprfgyp3xm,1
registr,1
httpstcoahxyegsmqw,1
moro,1
httpstcodzspkz0km,1
system,1
httpstcoigcymafhob,1
httpstcohq6bjbw71g,1
httpstcoryen6xnib2,1
minut,1
protect,1
sell,1
hectorespin,1
diiiiiffer,1
lipgloss,1
httpstco253bze65i9,1
gonna,1
disgust,1
renew,1
danielcameronag,1
cice,1
statement,1
vol2,1
httpstcoz295xfdc9c,1
httpstcopzkmltln8m,1
found,1
ndncollect,1
valentinesdaycountdown,1
take,1
keep,1
httpstcotcvxd0uysq,1
popcaanmus,1
oct,1
fail,1
ibbi,1
nighttim,1
access,1
httpstcotwzv5ysbml,1
stand,1
httpstcoekn3ejwnw4,1
caption,1
httpstcoslw2thyw8w,1
httpstcoehtexy4tbx,1
wan,1
womenshistorymonth,1
httpstcosme3r6njzd,1
happen,1
america,1
vari,1
savagexcaramelcurv,1
las,1
dump,1
follow,1
congratul,1
combo,1
secret,1
butta,1
mlk,1
maria,1
httpstcoforvl1x06n,1
priscillaono,1
certain,1
transwellnesscent,1
httpstcovlcqsd6al0,1
lynettesaid,1
incid,1
httpstco2kfrg12kf,1
httpstcos98ry2eeso,1
boundari,1
rihannanavi,1
httpstcoqw885kfek2,1
httpstcox67xfc6cez,1
game,1
o,1
ursulastephen,1
httpstconkc6i1iemp,1
httpstcogiq2riytpr,1
steppin,1
quick,1
httpstcoxvelb5hfn,1
httpstcocfmxe6q00,1
httpstcow8t4pzm7m6,1
tire,1
xtra,1
dc,1
samuel,1
vicepresid,1
trophi,1
therihannabook,1
navi,1
212,1
also,1
rang,1
angel,1
httpstco9e5sd0oiqc,1
hotchocolit,1
caribbean,1
httpstcomtjq7w61zv,1
cabin,1
httpstcoqufvdm3b5o,1
manicur,1
18,1
list,1
slam,1
ki,1
locat,1
pavarotti,1
httpstcoznkofpcw5i,1
red,1
httpstcobzxv8tf2aq,1
breaker,1
httpstcon7wqspzm8j,1
snatch,1
6th,1
annual,1
httpstcoqfoybtn3t5,1
potion,1
youit,1
hive,1
independ,1
httpstcoqjpvallban,1
proud,1
fentyskinstartr,1
glossbombcream,1
tragic,1
vrooman,1
lovin,1
women,1
wellrest,1
mean,1
refresh,1
httpstcozycm9ev6hg,1
httpstcoyvrynxc6i2,1
sayin,1
crew,1
hillaryclinton,1
ummm,1
httpstcon7kpjclnkv,1
gave,1
magic,1
guest,1
month,1
bodi,1
heart,1
httpstcoojmgic66ji,1
litti,1
pm,1
httpstco88qccseds9,1
httpstcoosygdckgkz,1
rihlentless,1
tailor,1
janfeb,1
congrat,1
httpstco7hztch3mrl,1
treatment,1
httpstco1hd7sllo3p,1
next,1
skincar,1
httpstcoopbpdkpr5w,1
httpstcotolb8eybjb,1
word,1
gareth,1
feb,1
salandra,1
httpstcojpunvvfmit,1
shut,1
drip,1
httpstco3vaz2tob34,1
winner,1
httpstcohxftzw9fiz,1
daniel,1
christma,1
pullin,1
design,1
video,1
true,1
httpstco4ab5bqlhpf,1
httpstcozpvlzscccn,1
lol,1
merch,1
httpstcoaceckw1yf8,1
preorder,1
photoreadi,1
piscesbabi,1
httpstcoylsz42uoum,1
rampant,1
shoot,1
facetim,1
violent,1
giant,1
hill,1
oh,1
chang,1
kohl,1
aye,1
legend,1
version,1
colorofchang,1
restingpeachfac,1
entiti,1
httpstco4kok1r61pf,1
grant,1
march,1
httpstcod3on5jgc3b,1
d,1
heartbroken,1
httpstcoaawtxohhsu,1
block,1
ba,1
hurri,1
caribbeanclima1,1
httpstcojiehfwd6q0,1
httpstcoiu1fur7qew,1
write,1
clean,1
farmersprotest,1
volum,1
los,1
oscar,1
httpstcowt37un4miv,1
sink,1
httpstcot6hqlonypf,1
met21,1
cozi,1
eaz,1
writer,1
indigen,1
galloway,1
photo,1
httpstcoincoaoux5z,1
vibe,1
introduc,1
queen,1
zorasimpsoncaseber,1
box,1
httpstcoinmbok8371,1
execut,1
httpstcovrou6xfund,1
girl,1
grinch,1
grab,1
asian,1
brutal,1
full,1
scene,1
5yearsofanti,1
httpstcoyvzbejpnuo,1
frank,1
blackfemfund,1
gold,1
thot,1
httpstcomeo8xerrec,1
httpstcobky7wrreow,1
notesiri,1
httpstcobnrtczt7fb,1
jen,1
hauser,1
httpstcoheullwft1i,1
httpstcoyh0c5kbawd,1
httpstcotqggfxtw3a,1
load,1
happi,1
peek,1
wediditjo,1
100220,1
place,1
musthav,1
americaannnnddd,1
catch,1
break,1
httpstco11t3bnj5f4,1
nude,1
bag,1
amnestynigeria,1
resolut,1
u,1
2nd,1
power,1
showin,1
sup,1
hot,1
sleep,1
zoom,1
cover,1
came,1
evanerog,1
translatinac,1
editorinchief,1
theheycampaign,1
share,1
pull,1
offici,1
bore,1
human,1
report,1
soon,1
54th,1
httpstcoajmgsskyqi,1
httpstcoki28wa98f0,1
perpetu,1
shroom,1
wrighton,1
carri,1
retail,1
integratediho,1
buttadrop,1
bold,1
fuy,1
del,1
gracerkim,1
httpstcojmvhyfpkpx,1
updat,1
httpstco2rukyah6t,1
fm,1
2it,1
jack,1
courtesi,1
nigerian,1
kid,1
commerci,1
sold,1
uxtra,1
windowpow,1
httpstcor801ue2glv,1
us,1
curv,1
fashion,1
partnership,1
refus,1
north,1
httpstcokbai937zbx,1
earth,1
httpstcodd7pux2cxl,1
wish,1
product,1
srat246,1
creativ,1
fever,1
hold,1
voter,1
view,1
rih,1
ur,1
tri,1
detail,1
text,1
pride,1
skull,1
httpstcokee31ma128,1
introducingicon,1
reppin,1
szn,1
da,1
fan,1
wake,1
absente,1
x,1
itcreami,1
differ,1
appli,1
njoya,1
2020,1
tisthesavag,1
ultabeauti,1
soft,1
vip,1
httpstcoisdrpbqmad,1
fatwat,1
atlanta,1
httpstco7kelsemiyt,1
hail,1
e,1
ani,1
erad,1
matt,1
regist,1
nourish,1
didnt,1
bump22,1
httpstcoxgfeoih0og,1
crackdown,1
around,1
vega,1
20th,1
selfcaresunday,1
ulta,1
nigga,1
global,1
baddi,1
today,1
knoooowww,1
httpstcoroalzsy0lf,1
2022,1
isol,1
httpstcodjmypvrarh,1
yerrrrrr,1
therihissu,1
cut,1
may,1
myanmar,1
httpstco6t4aroriu,1
includ,1
brag,1
startsmal,1
httpstco75busp3zn1,1
httpstcozi9rtnnocb,1
step,1
httpstcogr39wfc4mj,1
girlscareja,1
tutori,1
iittt,1
era,1
februari,1
nonsticki,1
raisaflow,1
httpstco6mlmafxpar,1
vitamin,1
straight,1
fundament,1
fentyglow,1
immigr,1
latethi,1
celebr,1
cyenja,1
hurt,1
httpstcoxmx8qecbkq,1
httpstcov8ydvqp1aq,1
playlist,1
exclus,1
httpstcorkxzdnxg9,1
president46,1
read,1
project,1
washington,1
mvmnt4blklive,1
bih,1
talkin,1
fa,1
kimmiekye,1
httpstcoujxdwrhfya,1
924,1
welcom,1
httpstcoemc4ysmdjr,1
stephen,1
spose,1
memphi,1
facial,1
famili,1
httpstcoi9kwlmpyvd,1
httpstcol1qhqziabf,1
houston,1
curat,1
httpstcoclwwrpmlun,1
httpstcok9mqjp9hxw,1
grate,1
finder,1
stori,1
httpstcotlw2em9sjj,1
eazedrop,1
top,1
variabl,1
reign,1
immedi,1
friend,1
lost,1
httpstcosvagdktsww,1
acid,1
fav,1
movement,1
rafael,1
neva,1
forev,1
rememb,1
whos,1
turn,1
cjaourpow,1
editori,1
artist,1
classic,1
dedic,1
balenciaga,1
caramel,1
httpstcotkk3hxf9l2,1
feelin,1
anyway,1
hyaluron,1
dis,1
httpstcolxankfurs2,1
autum,1
httpstcohccesoxlur,1
across,1
copi,1
author,1
httpstco59lrs8jnda,1
dey,1
100isnow,1
httpstco8ginb3wc9a,1
letter,1
httpstco5dh8u87obx,1
partner,1
31,1
78day,1
thought,1
special,1
american,1
sophi,1
httpstcod11uncdvvp,1
httpstcomx4vqketwq,1
httpstcooyk6gqedqh,1
blackvisionsmn,1
prepar,1
savagespr,1
well,1
press,1
powerthepol,1
nerdz,1
thing,1
lipstick,1
httpstcoaetd3gy5qx,1
rhoni,1
prayer,1
lgbtqia,1
info,1
earthconsci,1
softmatt,1
whip,1
current,1
gotta,1
hard,1
httpstco69vobb1ppl,1
incorpor,1
lie,1
httpstco7kkj4n6reh,1
caribequ,1
rn,1
c,1
httpstcorixrfcke15,1
cultur,1
httpstcop7bmmwdkgv,1
fam,1
httpstcook37yun7eo,1
undo,1
contribut,1
count,1
perfect,1
cupid,1
summer,1
popdemoc,1
httpstcopeu3cifhqj,1
shimmerfre,1
